umap_0,umap_1
13.624781,6.2513337
13.076324,5.4203434
13.142246,1.533081
13.172312,2.2976713
13.320869,1.6280304
13.393609,5.3398514
12.706937,3.3132567
13.563623,6.415029
13.278921,2.6206493
13.9982815,3.0570846
12.448099,1.5366493
13.075094,1.536834
13.384358,6.0061855
7.188675,4.920672
14.192862,1.9078343
13.466698,3.5463786
13.510969,5.8382287
13.331482,1.4797332
12.895063,2.0897505
12.628475,6.129758
7.780142,4.7130117
12.73446,4.079848
13.034948,2.0690877
13.268286,6.1219263
12.680771,2.5121648
12.651274,4.738754
12.176714,2.933134
12.734595,3.2752638
13.373105,5.9558725
13.376737,2.923519
11.994131,3.2729483
12.921835,5.4869995
5.8579926,4.9247074
14.515597,2.4919202
13.445755,1.7139907
13.758421,3.1401072
12.758442,2.416695
13.55144,1.5478712
13.202662,2.2868168
12.7034855,3.8592093
12.944433,4.9243417
12.025549,4.158779
13.417154,6.5635853
12.162896,5.028745
13.350026,2.5009487
14.106095,3.0565224
12.193,1.4941791
12.738281,1.7944584
13.29155,5.7624145
14.470729,2.4596038
13.529548,1.7196465
12.796848,4.0362616
13.399146,5.8120356
14.160768,1.9396971
13.0337925,1.5021781
12.517796,2.1353145
4.8295116,6.4562235
13.301441,5.9104314
12.972461,1.3627946
12.560739,2.046221
14.467485,2.303491
12.762344,1.8219557
12.685086,1.8753424
13.472891,5.9782662
13.865379,3.1384165
13.175291,5.884059
13.669659,2.9933686
12.727102,3.2139735
11.717894,3.1742985
12.265727,1.5516174
12.690955,4.019629
12.742588,1.7985606
12.372374,1.4038163
13.108366,1.3107802
13.483136,5.8440256
13.473643,1.4866093
14.034387,3.0034776
13.0093,1.3269308
12.115786,1.4329051
13.936106,3.0475223
12.986665,5.49837
12.94684,5.0601945
12.98411,1.3949099
12.607528,2.3303156
13.056083,5.2688046
13.0994625,5.5166163
12.754265,3.2755558
13.029692,1.4455394
12.900424,1.9692105
13.298725,2.9600308
12.821948,2.8445866
13.269974,6.596044
4.674455,6.4852734
12.561991,5.102361
12.806427,3.287404
11.773242,1.7785912
12.496703,1.4627948
12.685535,4.0632863
14.518675,2.5774415
13.2853565,5.831543
14.538355,2.5365715
13.44956,5.5904155
14.244347,2.001915
13.773419,2.7908187
14.306615,2.907241
12.789768,2.2103467
12.857693,5.1200337
13.40254,6.5316033
14.562102,2.3789172
12.810331,5.3102555
14.400826,2.7412546
13.350876,6.591574
12.929512,1.3132572
13.0359955,1.7914312
13.027177,2.19782
12.006369,5.0391006
12.768237,4.062725
12.4753065,1.9544448
11.674313,3.5627096
13.604852,3.405438
12.478908,2.038865
13.129959,2.187732
13.209859,2.3794532
13.71276,3.2153041
12.794074,4.041771
13.783287,3.2328885
11.489419,1.3967865
7.5064645,4.558013
13.365611,6.5185037
13.274357,2.0412316
13.028516,2.5980933
13.191537,6.101682
13.988482,3.01227
12.671124,1.8947439
14.137338,2.940141
12.215884,2.9881248
12.10262,4.799076
13.454308,3.3291218
13.226703,1.436706
12.689329,4.1183968
11.913158,5.3900394
13.9174185,2.6553438
12.274817,3.0193822
7.5645227,4.691935
14.429347,2.6239135
13.915408,3.1107097
12.506696,4.557304
14.4173565,2.4468749
13.511256,2.9813619
13.651527,6.331482
13.057,1.9434612
13.547134,6.174661
13.9507265,2.0198796
13.986712,3.1287277
13.870942,3.128302
13.678753,1.7277148
12.940982,4.9830623
12.831305,3.9980717
13.258648,6.5329685
11.744289,4.8940415
12.850977,1.5902636
7.0777974,4.9568954
14.302923,2.9272535
12.176053,3.1324697
12.619169,2.5117126
12.920359,1.8686187
12.437672,2.9301548
12.724991,2.8953638
12.880016,1.9462498
12.683765,2.156896
5.7914753,5.1668267
13.441348,1.6739582
13.628165,6.4568586
12.858182,1.3081784
12.975408,2.6929872
13.425943,5.5800786
14.40046,2.1240141
13.570914,2.7376661
12.960578,1.3318424
13.513369,5.878599
12.656123,2.6996107
13.118261,6.640464
13.914204,3.1142874
12.864006,1.3021821
13.030571,6.413766
13.452344,1.5957716
13.347974,6.490906
13.248508,6.649105
12.954475,1.3833432
13.733284,2.9358356
13.708345,3.101433
13.438344,1.4767767
12.726168,2.8310897
14.531802,2.2990942
13.891127,6.309809
13.35754,6.609099
14.036652,2.8639321
13.406138,5.8672147
13.611615,6.1383452
13.303708,1.697226
12.364538,2.6987817
13.278455,1.5210694
13.377962,2.6723766
14.064467,3.0374138
13.805949,3.064606
12.504564,2.3981023
13.412112,2.4943514
13.017623,2.3719232
13.536598,1.6870475
11.28205,5.423471
13.279214,5.9229126
12.710177,2.4437666
12.900692,1.9799141
13.553865,5.832839
12.618567,2.3464706
12.9430275,4.9390526
12.731284,4.819576
12.583498,2.3472674
12.6913,5.1699
12.755151,4.0414243
11.531757,1.2922416
13.287386,1.5776603
13.906752,3.0899847
14.214335,1.9847611
13.476881,5.755839
13.130876,5.4609833
14.316672,2.8950438
12.356509,2.8378215
12.989667,5.712681
13.27719,6.0311365
12.723664,1.7798152
14.328769,2.8975558
13.144341,5.814563
12.224058,2.9292498
12.734521,3.2317784
13.504681,5.9240627
14.572859,2.400349
14.531134,2.5056438
14.348526,2.89608
12.724111,4.8256855
13.054461,2.049719
12.277855,1.4025892
13.532113,1.7630248
13.296572,2.6970975
14.457329,2.3483388
12.756779,4.0584745
12.831939,1.6574912
12.48308,5.853777
13.135128,2.151869
13.249855,3.6157422
12.235905,2.39034
13.351047,6.0180993
12.775718,1.7708791
7.1605463,4.944689
13.051995,1.4119569
13.933057,3.075368
13.920323,3.113707
13.191142,6.4221945
13.028549,6.138539
14.360149,2.8989158
13.511523,5.757003
12.772495,4.7004747
13.326833,6.5842366
12.229529,2.9384139
13.207136,5.1245413
13.884223,3.1656826
13.710091,2.8635159
12.59372,2.588661
13.566643,5.9238896
12.867496,1.7437404
13.345274,5.876066
13.144645,5.3024993
13.210309,6.5671115
12.336513,2.6457648
13.418618,2.657623
14.2193165,2.925458
12.796087,4.0248294
1.7969369,3.854511
12.784609,1.7070944
13.382849,6.560861
13.213997,1.420188
12.684909,1.5780027
14.152649,1.899363
14.257476,2.9387047
12.679208,2.5421462
13.035169,2.1665814
13.433463,2.33331
12.9946375,2.1741989
12.857082,1.5533735
13.534508,3.5011003
13.492756,6.0319624
13.617746,6.311417
12.882882,1.3674365
13.122706,2.3384266
13.160452,1.3829169
12.438109,3.2256968
13.534401,3.3209443
12.9223,2.2082517
13.764861,1.8913115
12.067383,1.4547703
14.138307,2.986781
13.263657,2.6918402
13.549535,5.823208
13.060297,4.959704
12.891897,1.3109897
4.5575366,2.5521135
12.842528,3.9845767
13.686119,5.780767
14.317779,2.8657336
13.517139,6.333101
13.131874,1.5801393
7.3032794,4.8655663
13.28269,1.4005747
12.501975,6.419488
13.90223,2.5654078
12.662585,2.5169919
13.903965,3.1450367
12.790876,2.5332382
12.559145,4.7589154
13.0209465,5.473426
13.940012,6.456178
12.615247,4.3551955
12.514175,2.5459464
14.024731,2.929251
13.273117,2.7024064
13.567414,2.5173602
13.727112,3.2377489
13.398423,5.6948166
12.83234,1.8169426
14.477466,2.439257
13.58383,1.7088448
13.30036,5.5111613
13.064308,2.281217
12.143019,4.930116
12.806857,4.016058
12.710141,4.062542
13.389545,6.551697
12.254064,2.8465986
12.609629,1.8883654
14.0921335,1.9423285
14.3375435,2.8806243
13.404924,2.564744
12.790208,4.022823
12.486931,3.035294
14.033889,1.8461936
13.741038,3.2235794
8.347304,4.4808373
12.0654,3.3764071
12.771307,5.855562
13.610778,2.4061956
12.492698,4.7927713
13.777617,3.1574843
11.966476,1.7892058
13.43999,5.810068
12.77316,4.045131
12.992159,1.3394619
13.998213,2.035792
12.773743,5.7824225
13.420642,2.7601528
12.592016,5.9653215
13.302655,5.928602
12.211749,2.2674978
13.072152,1.8993727
6.6412296,2.8285685
13.228723,5.263255
12.720438,1.7724271
13.607399,6.451054
9.264206,3.462497
13.257034,1.573501
13.413978,3.0658698
12.483749,1.7508286
12.685015,3.5437407
13.395534,1.7930712
12.696307,4.5469456
12.924738,1.3500267
13.229724,3.2317622
11.787181,6.7472105
13.218572,2.5692387
13.01024,1.3819115
12.536718,2.8576684
7.5696654,4.8673897
12.233281,4.92939
13.242457,1.5845137
13.92531,3.1631591
11.253684,2.996634
12.250955,3.0421355
14.166738,1.932542
12.964044,2.4157302
13.580149,1.6737139
4.6330495,6.5220513
12.295688,1.753728
12.820548,3.9812627
13.64604,2.85339
13.0942135,1.3928437
12.148122,3.0175729
12.833972,1.5092597
13.232946,5.2013373
13.161414,6.1048098
13.631267,3.397691
12.692394,2.580886
12.509605,2.4527273
12.909936,1.5123652
13.130868,1.6358751
7.2098136,4.388028
13.6775875,2.6248012
13.452091,2.6535795
13.043061,1.3023127
14.117187,1.9335388
12.827615,2.3216777
13.3644495,6.5634303
13.580837,5.7886405
4.6250134,6.5292025
4.5745554,3.6416326
12.83631,3.4078648
14.241657,2.9443223
14.187799,1.9073673
12.736023,4.009742
12.360656,2.9876847
13.064991,1.3137627
13.97488,2.0626917
12.7969675,1.7853725
14.37769,2.472255
13.244207,2.3308327
13.631086,1.7108645
12.7522955,1.6779628
13.08826,6.165066
13.7587385,2.819299
13.716086,2.672591
11.912746,3.2126224
11.796167,6.7147446
4.453939,3.595347
13.184445,6.5683594
13.426616,5.950377
14.174785,2.8446786
12.294754,1.5159074
13.960761,1.8806907
12.76896,3.9318457
12.254197,3.0473888
13.451959,5.9527617
13.422584,6.476587
13.175767,1.6054413
12.072033,5.1341286
12.676996,1.8443516
12.84543,4.660732
12.407525,2.063458
12.965546,6.2083907
13.103404,5.4125724
11.917622,4.422705
12.910006,5.8228025
7.025971,5.0205545
13.29537,6.668534
13.5630455,1.7982407
14.216809,2.9314709
13.092752,2.1957273
4.633545,6.5301337
14.537645,2.4812272
13.379414,2.7093272
6.825276,2.3384597
11.811945,3.7447362
13.047551,2.1644366
13.545554,5.9766355
14.120764,1.9225307
13.5935755,1.7100091
14.16076,1.918578
13.046635,2.4007776
12.332335,1.8035069
13.238423,1.406546
13.921955,3.1696181
13.453187,1.5887525
12.339442,2.6166806
12.273366,3.0304291
14.5422945,2.3117769
13.344428,5.622582
11.272619,2.9752197
13.630929,5.7813287
12.722137,6.2891264
1.8039628,3.848972
12.301226,3.0683947
13.531328,5.814894
12.890565,3.3203735
12.963841,1.3109977
13.077343,5.3008065
14.318807,2.8652506
7.46505,3.578581
1.8657764,3.9972067
5.7157454,2.6591928
6.9768515,5.0592804
5.2804666,3.2391949
5.233884,2.8779318
7.2295685,5.1752586
6.9564657,2.3067389
8.991332,2.9296107
5.5532837,3.119535
5.9247417,3.1809897
5.2476,3.2513492
5.306752,2.8501017
6.5854816,2.8681896
6.261998,2.0054758
5.5789213,3.5265372
5.560101,3.5969348
6.234695,5.004225
5.9404025,3.2951825
7.1874585,5.2300353
5.51213,3.065767
6.895942,2.714121
5.955166,5.1926794
7.1784854,4.999753
6.0854683,2.7464826
5.9285355,4.4097743
5.2987947,2.5399113
7.7803416,4.0141687
5.636064,2.881857
5.6770024,4.697586
6.3964915,2.7889497
7.437292,2.5946882
5.3359184,2.5559762
6.7021265,2.8119323
13.710457,3.27886
5.7126355,2.6734934
4.8772182,3.21702
5.4334836,3.3292265
5.268739,3.3609345
5.903469,2.4225557
6.157722,1.9702901
6.1462445,4.807177
1.8828708,3.9627252
6.4408255,3.0570176
4.9002004,3.399299
6.227359,5.039904
5.3027,3.34466
6.883394,2.687713
5.787811,2.6511116
7.4279246,1.9702234
5.812972,2.6372123
7.0490193,5.199025
7.281616,5.1876645
5.9487505,2.107095
4.4684076,1.8684428
6.9193544,2.6837893
6.1789246,4.930371
5.0554442,3.2925906
5.1522145,3.306223
5.393831,2.558872
6.18071,5.010876
5.094668,3.3126981
4.495148,2.5901716
6.3943696,2.257191
6.0720587,2.5875835
5.928614,2.0327406
6.5999274,2.3959923
5.454461,3.1476412
5.918904,5.48842
7.1960406,2.5195189
7.3296533,5.074541
7.2803473,2.554849
5.042322,3.3171296
5.6379566,3.4418232
6.2806754,4.4076166
5.61107,1.9790106
5.4841485,2.1416934
4.948987,3.3696918
5.608934,2.7466846
5.7924595,4.4487324
5.1646276,3.4255166
4.5481086,1.9509017
7.047157,5.091055
5.955506,3.0960517
5.957427,5.031574
7.128751,0.72934395
5.898539,2.6027167
5.432584,3.291375
5.9617476,3.314482
1.8440416,3.9446163
5.283838,3.3013432
4.514164,1.8931234
5.0610156,2.2417288
4.8745136,3.0571747
6.536974,4.9363575
5.2067823,3.3487222
6.248617,2.924646
6.0335574,3.2584288
6.0941105,5.3373275
4.4855666,1.8431878
5.67857,3.042793
5.1987095,3.1860547
6.32858,2.5664494
6.0940895,2.342005
3.7732368,3.6393185
6.0662823,3.2496636
5.6354914,2.0704246
7.013155,5.106344
10.917225,2.4641674
5.960141,3.1205375
5.2431874,3.131588
5.928334,5.5107727
1.7941386,3.8626153
6.6144032,1.4110314
6.7954,2.317547
5.457163,3.058201
5.4305315,3.4441159
5.6092815,2.047743
5.84501,4.9324903
5.0209756,3.3251455
6.1324873,4.7126813
5.333252,3.1222029
6.8392143,5.0300927
5.703314,2.833277
6.1586947,4.6135697
7.320602,5.1323767
5.93607,2.884606
8.034521,2.6882849
7.229918,5.227974
8.085123,2.6856527
6.785712,4.231635
7.082818,5.2183814
6.13604,2.1353302
5.362656,3.3631942
5.6793103,3.2061155
5.4236174,3.1786828
7.4341536,2.461474
6.9593544,4.9126515
5.9757075,2.3866384
5.465287,2.767162
5.3161592,3.3563075
6.097486,4.783862
6.2441406,2.7912533
7.3248286,5.1531177
5.294519,3.290969
5.841094,2.046326
5.993188,3.2083554
6.078356,4.66648
6.0596924,5.2082925
5.9640293,2.364545
5.9131675,4.9193797
6.817448,1.0558339
7.2725186,2.877855
7.21903,5.212256
6.3481364,5.0355663
6.949297,2.3900318
5.282162,3.288557
7.6153536,2.5822294
5.1220045,2.5839064
10.624502,2.0688486
5.6438093,2.7314837
5.2931857,3.1651711
7.095542,2.4406018
5.9825783,2.484275
4.4692802,1.9119523
5.522155,3.3804276
5.6858115,3.1460123
5.931979,2.459918
5.645415,2.0778646
7.110413,5.2103896
6.1412888,4.806093
5.3324127,2.5890303
6.704104,2.6833935
5.6542616,2.0595937
5.918939,5.0025506
7.314124,5.207531
6.1347632,2.03702
5.870764,4.960052
10.510895,1.5612845
5.404704,3.2619898
5.6346803,2.093464
6.061603,1.8934495
4.528207,1.8917311
5.664871,2.203852
4.5424786,1.8300211
6.1469154,2.3169372
10.694186,2.0884104
13.47588,2.9518695
5.9047775,3.2615616
7.1595106,2.5417252
6.311147,4.9301486
4.4821825,1.8751632
5.797708,3.7150643
5.5918155,3.1070533
7.434472,4.7863646
6.719522,5.0289226
6.9426804,2.7611914
5.016812,3.1790893
4.9417896,2.298355
6.8465476,1.0264394
4.4643006,1.8228097
6.047549,3.388197
5.879709,5.2451186
5.633354,2.7660162
6.079599,2.5013
5.7328143,4.5314617
5.768803,4.8903856
7.033011,5.174715
5.4184723,2.7074432
6.414539,2.7827053
7.174516,2.6648693
6.025255,3.127079
6.5885963,2.7396622
5.33,2.6515324
5.913195,1.8583163
5.1789465,2.6925828
5.9696555,5.4608846
7.5457773,3.180589
6.8698344,2.7788532
6.2124257,2.4710968
5.6273193,2.7199917
6.050483,4.871938
6.7013793,2.806719
6.598405,2.3023782
5.192537,2.6399627
5.4827785,2.1882017
6.268898,4.874437
8.056276,4.3747935
6.6523805,2.2115576
10.001177,4.217435
5.6760025,2.741358
5.249121,2.6142068
6.05577,4.3970833
5.1321244,3.4823425
5.98206,2.3884559
6.2788014,1.8149195
5.9572773,2.559933
6.1444387,4.502054
7.0220294,4.324332
6.1162357,2.147307
5.7549286,3.0305142
5.734756,2.693626
7.1722264,2.5966763
6.3396573,5.156721
5.18739,2.5357056
5.6991115,3.4391303
5.6759515,2.7916691
4.4490337,1.9122758
5.596228,2.7139535
6.0683756,3.1984556
5.3566704,3.2356281
5.123163,2.540035
5.9232674,2.5933955
5.1249685,3.324246
5.933008,2.285451
5.650877,2.0568116
5.7179937,2.7307274
5.502602,2.819575
1.8512752,3.8788953
6.878244,0.95966744
6.284834,5.03105
13.397557,1.4125836
8.71541,2.7374098
7.9209676,4.5226655
6.164234,5.055358
7.4219413,2.5197968
4.849668,2.19305
6.3421807,3.4283996
7.1609054,2.518122
6.2306623,4.9788713
5.6772814,2.1413105
5.2553678,2.6801426
5.7621922,4.9429493
5.0269403,3.320345
5.351556,2.4672062
6.162401,4.5528307
6.13007,4.30269
5.716751,3.315398
5.2422953,3.3794148
6.199709,3.236417
5.987949,2.3712745
5.3852825,2.4757593
6.910349,5.13986
5.932484,2.5713336
5.2231507,2.2906122
6.242956,3.8930004
10.204403,3.002521
4.978466,3.2516272
5.20463,3.314867
6.138789,1.9266881
6.6429605,2.8978205
5.9420013,2.6365764
5.5053415,3.42614
12.348626,2.0181901
6.2482805,4.8320436
6.059719,5.3951063
5.0385284,2.4215481
4.5707726,3.1360898
6.0251765,2.4226232
6.0317903,4.1521683
7.063569,5.1697726
5.9949546,4.843516
5.7683496,2.4624112
7.4505696,2.585885
5.5320053,2.108169
7.0130916,5.178583
5.6290936,3.729375
5.677191,4.5977297
6.875131,2.6668317
7.4242554,2.4155033
6.038209,2.2653637
7.3151784,5.2034264
6.9801393,4.003301
6.162777,4.6279507
4.8324103,3.208835
4.5005693,1.8045584
4.498954,1.9413924
5.708265,3.6851547
6.0364475,2.1228788
5.6497946,2.699703
5.4469156,3.4000444
7.2881093,5.191522
7.036897,5.1478043
5.558936,3.5225549
6.3861494,3.2068963
5.9506,4.2884936
4.8860116,2.3243303
7.37574,5.0279264
6.0831356,3.3353567
6.1495905,4.6395745
9.022345,3.1890786
5.166088,3.457531
6.8864074,5.121851
5.4553065,3.2855465
12.372424,2.9727917
6.163702,4.779074
6.50322,2.5654182
5.3069,3.3054795
5.908226,1.8747056
5.971694,2.356029
5.899009,3.0282633
4.4728947,1.7981609
5.242857,3.2518098
6.8407087,2.8082354
6.2048965,4.89452
4.439854,1.8637676
7.4488177,3.0162728
4.4627957,2.0716047
10.521425,2.2844274
6.104885,2.0893972
5.7792535,4.695214
7.021305,5.152523
6.9222417,2.501982
5.113229,3.0994298
5.819814,3.5802622
5.0511284,3.2946873
6.058414,2.173279
6.049426,3.2246478
5.858723,2.165814
5.291553,3.3617373
6.1875134,2.0817
4.5821414,1.8831537
6.5661736,5.0793214
4.6163735,2.0068653
5.177619,2.5979102
7.2760563,5.1802793
4.567092,1.8869168
7.5777407,2.5906587
5.8765244,2.3557482
7.8144283,2.846587
5.575223,2.0377154
7.1059813,4.821605
5.1087418,2.6492782
6.052276,4.615792
6.5446362,2.4671042
6.3322263,5.0639253
6.764003,0.9753892
5.5410314,3.5321264
7.179366,2.6117992
7.124448,5.213128
7.0350585,0.79064244
5.7163754,2.1222532
6.31872,2.7935724
7.0544715,5.0968223
5.4862,2.397453
6.996168,5.0830884
10.770411,1.4701812
12.913098,6.403608
11.44308,1.7053959
10.836342,4.2283297
11.113672,3.848483
10.74612,2.3255599
7.470178,4.8866506
12.452529,6.2715087
12.644269,6.3694344
13.436097,5.7883463
11.525094,5.587555
12.846676,3.3698463
11.021828,4.257485
12.559692,6.0227695
12.347379,6.373601
10.919007,3.777281
11.1528425,1.1678597
10.324109,1.7525022
13.251517,5.6914563
11.069453,4.4305983
11.145409,3.6424088
10.54745,1.489409
11.082094,3.8332515
12.0698805,5.6271577
11.755338,5.284277
11.493012,1.6442692
13.186768,5.5875926
12.628386,6.247714
10.93194,3.246019
11.545953,5.612926
11.307734,1.4505035
10.732905,1.7185237
10.687397,1.5704813
8.773141,0.5081059
11.869138,5.203614
11.610279,1.7913301
11.030742,1.3850243
12.520385,6.0575976
10.950682,4.0471354
11.257744,3.8109474
10.327563,2.2639964
10.99812,1.7027901
11.30056,1.6010655
10.95054,3.7263484
9.985342,4.208082
10.059201,3.9266086
9.993176,2.3179743
10.131704,3.8927996
11.450612,2.887805
11.410397,5.423363
9.88913,4.127726
11.170482,1.4218452
11.111524,2.8562326
11.786812,6.3015914
11.27679,1.2683524
7.760781,4.691091
10.632673,1.5371486
11.136466,1.1962527
10.000706,4.2639904
11.34404,4.8273973
9.9707575,4.3246813
10.9328575,1.9314967
12.825152,5.718323
10.955439,4.0728765
12.96536,6.1337166
11.118417,3.9784565
11.64616,6.8619714
10.701708,1.2776917
11.000533,2.557598
10.245344,1.5406557
11.558414,1.7383842
12.204363,5.8097486
10.990108,1.430139
11.5787,6.7100725
12.370592,6.2251005
10.531747,1.2417217
9.984897,4.2414317
9.882652,2.5756195
9.946184,4.0871477
7.124998,2.5501392
10.928057,1.3668305
13.575228,1.7467353
11.615234,6.5729094
10.6238785,1.1746082
12.533313,6.1342783
10.063277,4.2370963
10.331986,3.0712416
10.482428,4.2780232
11.02357,1.233854
11.969695,6.194549
12.318791,5.0929804
11.030052,3.8435905
11.874568,2.217148
12.739808,1.2874593
11.620949,6.8830833
11.574317,5.4405813
11.592297,5.8122067
10.37133,3.4060154
13.417785,6.6901197
11.713049,5.6784387
10.897363,3.7507846
3.781739,3.7155526
11.655794,6.8613214
10.518927,1.5410701
12.810838,5.806865
12.630854,6.4840665
10.639488,3.5495746
10.265386,1.9369967
10.495846,4.053651
11.1255455,1.2175463
9.044254,3.783299
8.775043,2.702958
13.3242235,6.314471
10.569554,1.4288867
10.077908,3.969725
10.397035,1.5425019
9.927642,2.2833993
10.428173,3.302092
11.888155,6.226038
12.217152,2.0919428
10.299258,4.0401025
10.919876,1.7704703
10.954857,2.364681
11.371686,4.8871164
11.593317,5.762375
13.020538,5.2407193
12.728986,1.6723273
12.013222,2.6796873
9.703817,2.1631086
11.244631,1.3645301
11.578113,6.695628
12.3547325,6.455035
9.589961,3.4919107
12.618586,6.3988566
12.206501,1.6286038
9.430859,3.41604
12.271209,5.6611485
10.442059,1.5985522
11.8905945,5.7555466
10.690279,1.4825398
11.898795,4.9984612
13.023401,2.881992
11.199842,1.4127321
10.217537,3.030671
12.728987,6.0410366
12.013462,3.0537677
13.017074,6.2363524
12.672021,6.4508033
12.751715,6.4350653
11.284088,3.9004593
9.961069,4.1948104
11.647615,6.489215
10.129255,3.9436357
9.9458475,4.223221
13.224579,6.6479645
11.9378,5.0889797
10.522399,1.5248199
12.582394,6.2740307
11.542518,5.772127
10.513805,1.2395015
11.14258,3.8721955
11.60445,6.696539
12.078378,4.6809425
10.314664,1.6273957
11.612031,5.5774474
11.336862,1.3871076
11.827376,1.3005564
11.142036,1.5279047
10.931751,2.4445448
10.85405,1.3105885
11.179353,4.5813656
10.663494,1.2196074
11.177597,4.1194468
11.233772,1.2100823
12.545807,6.039626
11.559737,3.5450423
11.26512,1.35409
14.344285,2.550249
10.125116,4.3053403
10.033064,4.296157
9.460035,2.6020675
9.009069,3.8148093
10.709993,1.1748486
9.718746,3.1698773
10.924854,4.50195
10.9074745,1.4202088
9.008148,1.8367618
11.859224,5.2335386
10.408243,1.5737934
12.810955,5.2118425
9.924415,4.240678
12.126771,5.4986973
12.537081,6.118511
11.594218,6.7345114
9.937299,4.238832
11.298831,3.9364154
12.431038,6.452115
11.561798,3.7206676
9.486897,2.5933025
11.248875,3.7974818
4.5516243,6.5621743
12.817686,5.830833
8.991843,2.0144746
10.201332,4.0956674
13.146535,5.7042313
10.992638,1.2689801
9.933624,4.162463
11.559155,6.7335806
8.961354,1.8473883
11.193508,1.4042909
11.56061,5.765456
13.468023,3.2453158
12.512985,6.1786237
11.452978,1.639968
10.992186,2.5595443
12.765158,3.308542
11.171132,5.4699774
11.648563,6.8593087
11.014871,3.9465594
12.89893,4.976645
10.410407,3.1930118
7.987279,4.383157
10.470707,1.5519518
12.3058405,6.244114
11.154214,1.5767044
13.32774,6.057947
10.588866,3.5276914
11.414684,4.80078
12.498438,6.1731615
12.552822,6.265642
11.353868,1.3962654
10.647479,1.1731907
11.408233,3.9062562
12.835199,6.5532
10.538064,1.4918311
11.437475,5.092332
11.260839,2.1633375
12.111708,1.2495421
11.424223,4.9460974
11.352605,1.7400172
14.048133,6.451937
11.551011,5.9898887
11.963936,5.601566
11.033214,3.4080703
11.216131,1.5405258
10.477289,2.4921532
10.779494,1.8568219
11.393699,3.8518014
10.819614,1.3492215
11.056783,1.3654425
11.654971,6.8739653
9.900635,4.312916
11.212017,4.74585
9.912125,4.262388
11.004611,2.7377026
12.4769335,6.117748
13.109656,6.5646834
11.270407,3.7457964
11.557912,1.2281852
10.958947,3.995388
10.060796,4.0525036
10.198712,3.8356102
13.579631,5.8487554
12.975953,6.6047225
12.103491,4.9842463
11.24487,1.2257022
9.902639,4.208525
10.428363,1.5879054
10.104951,3.6873808
10.09351,4.3328195
11.075254,3.7406075
11.249218,1.4398551
12.269831,5.640323
11.174986,1.7140013
9.952822,4.202273
11.58789,5.593299
12.413267,5.788511
11.786437,5.6355324
12.797989,3.3092816
11.566858,6.630331
10.71068,1.2399615
10.624768,1.4323431
11.626445,3.5134506
12.261395,5.9152317
11.172434,1.190771
11.239915,1.322574
11.306488,4.7859645
11.535658,3.5556126
11.655358,6.86869
10.916182,3.8357863
10.34623,3.0783203
11.466221,3.7472827
11.232545,4.585151
10.932211,2.033158
11.397441,3.894277
9.953492,4.244163
10.009836,4.2416453
12.464194,5.5993505
11.635907,3.9260404
14.015867,6.4334326
13.065958,6.5976853
12.516328,6.062216
10.344537,4.18717
11.568674,5.692911
10.934385,1.7816496
10.182095,2.454709
12.53476,3.9479954
12.769877,3.3048472
11.454402,3.5856109
11.057219,1.6462156
10.945332,1.1840624
8.218376,4.3861184
11.435086,5.5018034
11.188613,3.7146523
11.196497,4.072329
12.78691,6.5007734
11.076395,4.574874
9.696978,2.8300955
10.991818,1.819333
10.974433,1.467121
9.932209,4.2738304
11.363542,3.932272
10.0559,4.1751423
10.607953,3.61993
11.658047,6.86723
12.2097025,5.6371255
11.485244,1.676031
14.023554,6.443963
12.752632,6.0524282
10.7357855,4.080707
14.023588,6.3950953
11.908209,6.219145
10.5810175,1.4485896
11.608242,6.8268127
11.468881,1.4790616
11.914264,5.3902946
13.999072,6.437593
10.340629,1.6623156
10.043009,4.220478
10.935579,1.4397157
12.238737,5.563165
9.731766,3.1042047
11.807306,5.357961
11.371708,3.9471426
11.068598,1.7493665
11.1604395,3.6030927
10.257895,2.2062314
10.97752,3.8164907
10.234238,4.287388
11.274888,1.7080667
11.749655,6.3087697
10.9720125,1.2297907
10.405479,1.6083804
11.153304,1.4515964
10.589411,1.4553919
10.296054,3.8767233
11.568017,6.7156425
13.983922,6.4441476
12.175992,6.321345
11.457449,3.5782957
12.486722,6.0704017
13.319387,6.0436773
10.001073,2.3186162
10.912633,3.7377853
9.946423,4.1982036
10.376964,1.6602446
11.523186,5.860052
12.539677,6.4567914
10.510409,3.3047166
12.59399,6.243451
11.065594,2.936488
12.2799015,5.6500974
10.350471,3.0648062
10.67806,1.5090438
11.577695,6.572474
11.2134695,4.788644
12.63686,6.4565115
10.7344265,1.2719277
10.576769,2.391914
11.817851,6.190037
10.609991,3.633413
9.961625,4.2967906
13.461731,6.325122
12.7206545,6.5126367
9.646403,3.2229996
11.394678,1.6572565
10.917205,1.4350276
13.328133,5.9624863
10.856363,3.4319541
14.035848,6.4267335
11.410314,1.698425
11.150786,1.5996859
11.584046,6.6836
10.535065,1.50509
11.846956,6.302381
11.621234,3.7764127
10.033008,4.041176
12.889637,6.192622
11.315009,5.5575995
12.047679,5.6942105
10.943399,3.3036544
11.272194,1.3628906
9.524124,2.82215
11.54495,3.9933505
7.8483825,4.5879297
12.736787,6.400888
11.013285,3.8972378
10.13741,2.13494
11.193633,4.6148386
11.035157,1.7335474
7.5310826,1.7191949
11.187762,1.5102825
14.591449,2.5107777
9.976541,4.2205257
11.273844,3.9221513
11.837089,6.174162
12.237151,6.391796
11.407675,1.563522
12.457203,6.111623
13.245182,6.6243553
11.976262,5.260372
12.949311,6.530227
11.620693,4.721418
8.9079275,1.8800157
11.2455845,4.4774966
11.670321,6.88796
12.605974,5.9676805
11.628145,3.6939921
11.768131,2.9909725
11.166653,1.4918574
12.4079685,6.2899
10.875408,2.3119512
11.5386915,2.6725194
11.7387495,3.1591537
12.411559,6.252936
11.006524,4.262739
11.579901,3.7747047
11.646178,3.4154377
10.618755,1.2417749
10.678636,1.5599136
10.929904,1.7594728
11.644076,5.5687637
11.381884,5.4247665
12.505305,4.028885
11.735414,5.2884374
11.055675,1.4676787
12.001655,3.6783886
11.509236,5.7317967
10.382004,1.6195358
12.105375,5.1324
11.804213,6.174518
9.848483,4.2180696
11.686917,3.3853252
9.98261,4.292195
12.347,6.1326833
11.602811,3.5224187
12.79163,6.5357885
12.547811,6.2092776
12.815392,3.309015
12.357952,5.9226294
9.819406,2.338253
10.001412,2.118369
12.916097,5.870223
11.239297,1.3009226
11.742796,3.7223787
10.685588,3.5788758
13.469251,5.8674936
10.576705,3.739335
12.465836,6.2313914
10.670279,3.7686167
11.724772,5.6966443
11.562358,3.1420307
12.655511,4.651866
12.5492525,6.1804776
10.905734,2.4662504
10.195737,3.927537
10.738938,3.4645164
12.633896,5.6414332
12.445992,5.346647
11.025233,2.47665
12.345947,5.7156186
12.2379875,5.657678
5.2759986,5.425926
0.60316014,6.579625
0.05519162,6.4402604
3.5271943,7.1376824
-0.032892916,5.832021
0.02149542,5.176782
1.1925471,7.7732625
3.5669837,7.152199
1.0014867,5.924117
0.90980566,7.464547
0.9909593,5.413376
1.3685931,5.618004
0.085924916,6.299048
0.12772171,7.44188
0.12076018,7.473702
0.5796175,6.995613
4.009993,3.7451112
1.4392487,5.8970103
4.9222083,5.793355
-0.008267114,6.33325
1.3472638,5.9960785
0.018269923,7.182154
3.3229408,7.312558
2.8216906,7.3584857
-0.025986107,7.005701
0.09947185,7.3994923
0.39336774,5.987599
3.315211,7.3212314
0.017865261,6.129021
0.07337983,7.5079045
1.2076128,7.184562
0.6545967,7.243129
0.56761354,7.2565246
1.4730155,6.804027
0.5426455,6.7276363
3.5700161,7.135242
1.6659102,4.5489864
0.5006919,6.8969917
4.1807904,6.774479
1.2009189,5.950697
2.9683838,7.368338
0.83560526,6.1061153
0.8853902,6.2087216
1.1604118,7.6698375
1.2869761,5.7436004
1.6535559,7.776736
1.9080718,7.998855
-0.00678984,5.453669
3.5389981,7.0888143
-0.14531061,6.316645
3.0313334,7.5491242
0.6125075,7.087662
3.7712543,7.036082
1.7840762,4.3255816
0.5190682,5.0699387
1.3189331,5.757298
1.3555993,5.502428
3.491309,7.239168
0.9488573,6.119258
1.8240912,7.972031
1.3075925,7.718432
2.9499838,7.891233
0.62002593,6.68698
2.948982,7.912772
0.90542835,6.1467414
1.6675133,4.5739584
0.26924866,7.4570575
0.9628629,6.1801515
3.0306473,7.485977
0.09678554,6.69703
2.9198716,7.409058
0.97063124,7.537494
1.9098872,8.031505
-0.11676674,6.203204
2.9341784,7.426428
0.10267889,7.4794617
4.4453177,6.534881
3.133513,7.570125
1.208573,7.6380486
3.1220884,7.578852
0.2995979,6.9846334
2.9538221,7.9371977
0.78605866,5.718883
-0.0599955,6.57524
0.3630712,7.2507267
2.9297373,7.935474
3.3693426,5.057563
4.815326,5.7369027
1.5913129,7.750249
1.4058161,5.58814
5.331638,5.41341
0.48304513,7.1282415
0.5429395,5.890436
-0.16473188,6.521988
0.5563837,5.019386
4.239049,6.7304215
1.2371312,5.905946
0.35125235,6.727314
1.4272133,5.8425612
0.5226286,7.126674
1.2631968,7.6858706
1.8709813,8.006736
1.9533957,7.9566627
3.080859,7.35962
0.4332133,7.124587
0.10457609,7.205874
0.12805463,5.1068435
0.3012383,7.5967546
0.99330056,5.706509
1.2997042,7.6743374
3.4142635,5.07947
1.1330963,6.3015647
0.5336973,5.2183805
3.0442748,7.382302
5.7178636,5.3062696
0.66442674,6.8140435
1.3010676,7.6742544
0.03359232,6.3168426
2.9631767,7.4031844
5.264895,5.790652
1.5115541,6.166719
0.49350476,5.5040903
1.3022226,7.3816757
0.51078266,7.178428
3.051871,7.750215
3.4629624,7.39836
0.9382445,7.270278
1.130565,5.6954246
2.90044,7.3655505
-0.04807421,6.6999426
0.5829425,6.5496383
3.4149857,7.2562156
0.78671235,7.450185
5.175283,5.437456
2.9033065,7.3871093
3.0836196,7.842158
1.596458,6.0764313
0.69196653,7.180945
0.30526483,6.8800626
4.4035125,1.8893127
3.5162365,7.1315713
0.9242417,6.1612062
0.22844464,6.4855714
1.5125194,6.2891035
5.3914757,5.491804
0.25565857,4.9879975
0.31090873,6.8018413
0.17694117,7.4689507
0.32032514,6.7220826
0.07866512,5.1811996
0.38557398,5.9011836
5.4879293,5.3184524
0.9355094,6.043246
1.3102436,5.729837
0.5120945,5.0864253
0.50779176,6.783553
0.9814251,7.6453257
0.27877188,7.6119714
4.287533,6.6871867
2.8789604,7.3831124
1.3982947,6.0901976
1.9059602,8.020491
2.9371755,7.4162617
1.311668,7.177588
0.7344228,6.2693353
1.1788776,7.6287985
1.5985969,4.694494
1.1509004,5.870347
0.9389814,6.0619397
0.48426846,7.009154
2.7811167,7.3980966
1.6807609,4.5518413
0.57748085,7.543756
4.8306694,5.847318
1.3147298,5.729361
0.49609903,7.6470027
0.5056798,7.2232127
-0.10176258,6.1795144
0.89952505,4.7253222
2.938479,7.942563
1.3978615,5.9344463
5.7041698,5.249367
0.3643885,7.61603
0.515182,7.079134
0.6628841,5.599708
1.6632652,7.7413883
8.615876,0.9354011
0.5698862,6.577332
0.39039326,6.8811755
3.4631782,7.3884583
1.4003801,6.490704
0.09723594,7.1424475
4.1481943,6.795587
1.5187523,5.8411155
0.70872176,6.5198383
2.9296794,7.42306
0.11246985,7.171551
0.44697994,6.4969845
2.9463398,7.4435782
0.91368854,6.1789765
1.118105,6.0462985
1.3876625,5.5226808
0.54728246,7.1137457
1.9761885,6.072086
3.0583632,7.4553623
1.3173902,5.993892
1.102465,6.365645
1.0688033,6.383634
1.9074854,8.003469
1.4313579,6.3527293
0.26883617,7.498589
1.106546,6.0568714
-0.0014200674,6.6665454
0.008419446,5.1559405
5.774361,5.2316093
1.8781146,8.0029125
0.60130966,4.876481
4.069407,6.849008
0.049074706,5.297772
1.7681125,4.341529
0.5431547,7.026055
2.8614786,7.9627566
1.2228383,7.7450314
5.5991526,5.3864045
0.17235583,6.446154
1.1974086,5.823619
0.3707971,6.613222
2.966527,7.4406304
1.4568716,5.9370103
0.62263227,7.069571
1.2867478,6.1296635
5.5229635,5.548895
3.1372492,7.6047955
0.41013235,6.854161
0.57209855,7.6592503
0.79632044,6.6451087
0.17076679,6.867047
1.2864368,5.6294684
1.4395449,6.5794497
0.8427107,6.4652495
3.1448407,7.694264
1.0539948,5.8838735
3.1715574,7.320956
3.071807,7.674825
5.1529226,5.519923
1.5281745,6.008024
1.9217674,8.055702
1.0091748,7.578791
0.049792282,5.308234
2.7969165,7.9727263
4.3162465,6.6509633
0.43476957,6.8433223
0.5204837,7.1243467
1.8888682,7.9984355
4.941261,5.7443175
2.9309008,7.9615064
0.42933914,7.315322
0.5726077,4.992066
5.0231457,5.552835
0.45898056,7.0253453
2.944328,7.9269733
0.95261145,7.207207
0.38108742,6.875093
0.08547849,6.6191216
2.9518087,7.4479737
0.47934452,7.0298114
1.3440213,7.5352287
0.9627288,7.6174893
0.4771062,7.376012
2.8986955,7.953964
3.0549533,7.4194226
4.32365,2.6319504
0.3655436,7.6266828
3.5642927,7.1300125
1.1508546,5.715192
-0.050654616,7.102757
0.03963362,6.1509547
0.3400689,6.9342914
1.0249783,5.8619757
1.3519704,7.649093
0.4945924,5.0580654
-0.08605622,6.1313105
0.9832485,6.1888957
2.7893014,7.403989
0.060861263,5.285054
0.15730926,7.566587
0.61289567,4.888086
3.585397,7.2835703
4.3747144,6.626556
0.06850423,7.4496927
0.25478864,6.528928
0.8229921,6.243644
0.0014942569,5.1630354
1.6396588,6.159196
1.7571604,7.5286765
0.107499614,6.0433674
0.756498,7.3939238
5.056893,5.623597
2.6483533,8.028463
0.7140104,7.1231747
0.5568444,7.1784654
0.40292045,5.05931
1.161761,7.7526827
1.3287135,5.7515225
3.116015,7.703594
0.0071615493,7.169214
1.1673309,7.7349806
0.5076724,4.954721
5.1733203,5.434208
0.88864756,5.886805
3.0993495,7.827151
0.89825594,6.1297603
2.7300537,7.4388037
1.6167592,5.868771
1.1911421,6.6580286
2.0721579,7.852921
5.4039965,5.176987
0.04758733,7.092452
0.7988408,6.317056
1.265988,7.68465
0.25245643,7.608564
0.023404842,5.3400373
0.13601306,6.180505
0.6237355,6.687615
1.530384,5.854912
8.604072,0.6971263
0.048415326,5.092692
0.6054282,4.9216537
8.594994,0.97318834
0.5446806,5.838518
0.13563815,5.095063
3.3927002,5.0406985
0.9709011,5.6599298
1.9778885,7.4332113
0.14163034,6.770446
0.9717567,6.971607
0.45485985,7.4906945
2.8608348,7.446566
0.5110914,5.1402497
0.3845544,7.270214
0.36573955,7.5943465
0.8908002,6.7399087
0.2437829,6.9372306
1.4291208,5.792543
5.805321,5.229395
0.6841848,7.1411066
5.075353,5.5993066
-0.14414029,6.6388783
1.096337,5.9191327
2.9345427,7.3896933
3.4885268,7.466399
0.44531742,5.8989716
1.1874957,5.6549864
5.4077134,5.591054
3.0155702,7.4757404
1.2578958,5.8626986
1.1939437,6.4584913
0.8850227,6.2523856
1.285727,6.914239
0.9365244,6.9707217
0.037394665,7.0993295
0.58728135,5.1124988
1.7451447,7.376851
1.2546854,5.6357017
0.25223878,7.282618
0.5895014,6.553409
5.3228354,5.7139664
0.75670415,7.348421
0.16588928,5.0382237
5.164555,5.5723267
1.2161528,5.6563854
-0.00033229252,6.346473
1.8844932,7.9635634
3.0442011,7.505212
1.3873755,7.5581183
0.102519915,5.107862
0.63832957,7.4485316
4.6604137,6.0368195
1.4051605,7.2729387
1.3049339,5.378104
0.99682873,6.846105
0.94343346,6.1992774
0.14637406,6.7444286
0.3486528,6.841058
3.3839662,5.058367
0.27167907,6.41858
1.9348831,7.9781094
0.6675498,4.950817
1.3129492,5.8845773
0.7193066,6.4145617
1.9797556,6.0496497
1.7841648,7.9377427
0.0024204077,5.1262097
0.044244394,6.088794
1.0745971,6.6362257
1.8022622,8.012121
1.3851193,5.708618
1.2036694,7.7701406
4.732287,6.11396
1.0247926,6.60472
1.2482319,6.464454
-0.0056694434,7.173195
1.3261268,7.622903
0.17501833,7.480929
2.071146,7.892368
0.92863446,6.107387
0.26576835,7.506328
-0.14555393,6.2726264
3.4481437,7.46717
1.2294431,7.120538
0.046068378,7.482617
1.2150009,5.7582345
-0.13602635,6.419051
1.1842606,7.6530366
1.3406985,7.6687183
0.61741865,6.8850603
1.8837318,7.9613495
0.8785279,7.2697253
0.6417222,7.3567047
1.2794015,7.57062
-0.09883605,6.133891
3.1137216,7.8473697
0.556581,4.9450016
1.6224538,5.8768096
1.3424561,7.362796
-0.09925532,6.332326
0.46919248,7.0820026
0.48238796,5.8700747
1.3339782,7.35338
1.5990511,6.1507764
1.2785976,7.765333
1.4280562,5.517134
0.17363545,7.510587
1.1654288,6.4507637
1.258416,7.71965
1.0802745,6.003649
0.41127476,7.4455132
1.0845236,5.670342
2.9747574,7.465742
-0.14689521,6.6346354
10.7157755,2.1301749
0.31367454,6.2111316
0.97661394,5.654499
0.42270863,5.9534745
0.008640363,7.290538
0.48914272,5.045265
1.7927434,7.9659343
5.7893353,5.2466993
2.8298485,7.421352
0.0041156583,5.1460247
1.0600305,5.6850076
0.25996464,7.626354
3.201214,7.6626644
0.4127553,7.170588
0.49482906,6.6325026
0.559688,7.1434226
0.26136035,7.4944816
0.35792744,7.0081463
0.58221,4.9154143
1.2718109,5.878299
2.2605,8.006741
0.054430272,7.2311754
0.19772974,7.4228005
1.5094603,6.6631575
1.9120456,8.006434
1.5533038,5.9818454
0.62503,7.065025
0.569985,5.782054
3.0289767,7.539851
1.4892086,6.11987
1.1888635,5.7427707
0.2860846,6.5141163
4.3818393,6.6167517
0.050919924,5.145057
0.8226627,7.509992
-0.010656677,5.2681613
1.2001039,7.7730913
1.5179832,6.4014716
0.24028721,7.5777206
0.087077014,6.38732
0.052840743,6.275623
3.3515322,3.2644703
4.0116744,2.938908
4.7364783,3.362383
4.298598,2.9814677
5.2846537,5.062673
3.8410447,2.9598258
3.369971,3.3118482
5.485908,5.072356
3.9103296,2.7852063
2.0451257,4.004562
3.9911747,2.7742662
2.826179,3.7510743
4.1590085,2.765062
2.871637,3.0011685
2.9663842,2.8575072
3.154574,3.2143693
3.2408876,3.1011708
4.1447716,3.346583
2.9358978,2.8492281
5.6633406,4.47739
1.9331408,4.090054
1.8620231,4.1683707
3.0162075,3.5144293
5.013844,4.7046185
3.3412738,3.5678174
4.3493643,2.1324182
4.359311,3.1549938
3.2055638,3.0651019
5.6177382,5.084134
6.098744,4.5390234
2.141087,3.9598434
5.4542446,4.832781
3.0099425,2.750273
3.6230936,4.0186753
4.641844,3.616618
4.6385727,3.4350812
4.0511594,2.93785
4.1804233,2.7213342
3.6768742,3.5480998
5.512233,4.6520176
3.0812416,3.0912457
4.2333183,3.2450423
5.6091332,5.366987
4.234361,2.8914237
4.167759,3.3536878
5.305741,4.969951
2.171746,3.9501767
3.6730812,2.708382
4.134719,2.787494
3.0742319,3.577678
4.583417,2.4153798
4.0058484,2.8971226
5.659474,4.4442043
8.870125,3.7200263
3.0307655,3.139605
4.128846,3.0420005
5.502727,5.034014
4.0573673,3.7830162
3.6415024,3.8553607
4.092698,3.017076
4.3267436,2.3202276
3.480081,3.328353
4.2167997,2.7279868
4.3445244,3.570346
5.2663927,5.105785
3.27907,3.0265398
4.11945,3.6247122
12.242673,5.082606
4.40086,2.7594178
1.9439778,4.0711107
3.180711,3.0437663
4.171488,3.093391
4.5619736,3.5057018
4.490418,3.5210464
4.0728774,3.2737849
3.4081407,2.9270952
3.110898,3.398628
3.9370675,2.9933553
4.5477014,3.0669477
2.8826573,3.0488653
3.1844833,2.9936695
1.03171,5.1147766
3.144573,3.152367
4.418582,4.159298
4.0419564,3.09081
3.6822102,3.5488565
3.5906146,3.508286
5.375327,4.8206873
5.6132193,5.0448847
5.058511,4.687339
3.7074726,3.9000971
4.4101696,1.8681964
5.204523,4.905138
2.8583488,3.1053522
2.9894166,2.8177142
2.850191,3.9287035
5.161379,4.9516463
1.9423753,4.034268
3.960715,2.9384727
1.9520599,4.0956893
2.5320833,3.8224087
3.4936957,3.4662874
2.9439464,3.298621
2.996288,3.262527
4.450774,6.5282335
2.986403,3.089877
3.0909836,3.2349737
3.3787904,3.8187509
4.467014,3.4666963
5.512026,5.096625
5.8344636,5.424177
3.1834426,3.5998583
2.1051397,3.999734
3.3208227,3.3632116
3.9129436,3.210727
3.5881371,3.196782
5.6660776,5.207205
5.4762025,5.1483483
4.4500937,3.5529013
4.1369224,2.8044016
5.2530227,4.5509067
3.388417,2.8838952
4.26352,3.0151186
2.7388928,3.687517
5.4054875,4.9082437
5.8259974,5.222818
0.65839124,4.828104
3.067265,3.545697
3.155012,3.3568785
3.6919415,3.09985
2.8928056,3.482692
3.9961925,3.621492
5.39754,4.852482
5.650337,5.1585846
3.924669,3.5598004
4.1340485,2.8782988
3.654529,2.8181007
5.685373,5.043293
4.5175514,3.347402
2.8946555,3.3159864
3.238397,3.2081437
2.9872456,3.563043
4.4534507,3.5670452
3.1275814,3.0365942
5.75033,5.2188067
3.997636,2.9423792
2.006076,4.0334225
3.6105056,3.709557
3.2638197,3.588459
2.006644,4.0451345
4.007137,2.9328353
3.28039,3.1804197
5.3449626,4.7970276
3.2418609,3.0335243
2.258606,3.8618684
2.5168648,3.8088014
5.5737004,4.903708
5.872753,5.1337886
2.8954422,3.6784768
2.8439808,3.1782408
5.009054,2.2250166
1.9615724,4.047096
2.0949013,4.0294375
5.677518,5.5651684
5.284828,4.8397756
4.262284,2.6066546
3.2070088,3.228969
2.7003605,3.7399266
4.4433217,1.8965635
3.4055748,3.2131114
1.996315,4.0677423
6.1682544,4.5064797
3.4499617,3.8161352
5.1565104,3.3147392
5.1384654,3.1403475
5.3145256,4.9022646
4.5463743,2.3350387
3.9039385,3.176945
4.783978,3.2945096
5.7665067,5.176843
3.9862323,2.780144
5.3485165,5.217665
3.0429258,2.7332125
2.0791614,4.0035105
3.5619693,4.0535154
4.0975504,2.9016204
3.7815554,3.6285224
3.0442939,3.3018832
4.4847045,3.255127
3.7195702,3.612303
3.1319814,3.0246308
3.2548072,3.219866
3.8489995,2.9435518
2.8549387,3.219311
3.4508817,2.9194882
3.2373073,3.2963307
3.8080635,3.6340656
3.9927967,3.0990622
3.1190941,3.0381575
5.2475896,4.576023
5.5612783,4.7875953
5.6044135,5.2604246
3.4911861,3.48365
4.4953766,3.2603724
2.8405032,3.157598
4.0710716,2.971286
6.390188,3.9914436
2.8716335,3.0144918
3.2906852,2.7064033
3.455375,3.261583
0.7139561,4.768617
0.43762225,6.3115253
6.015847,5.196626
5.620782,5.294941
4.4232697,3.5811534
4.008337,2.8398557
4.3279634,2.8839788
3.3350854,3.3076408
2.154777,3.9208126
3.353972,3.2676058
4.088616,3.173414
4.473447,6.556604
4.646079,3.4459558
3.354002,2.8984034
4.5639353,3.3604171
6.346646,3.8059409
3.7054615,2.8333733
0.15655261,5.0303135
4.793712,3.4291918
3.2340474,3.194147
1.9657007,4.070676
3.2456527,3.0346596
4.864089,3.1301038
3.9505541,2.9967828
4.0520115,2.838256
6.8345356,3.4422107
4.134321,2.779405
0.75095,4.7303696
4.1883993,2.8671515
3.9580414,3.854798
5.775407,5.224289
2.9916909,3.0787663
3.0712843,3.4136553
4.16384,3.0427513
5.3993034,4.747031
5.5655546,5.048446
3.0632067,3.12096
3.2901368,3.196557
7.3616543,0.02926429
8.551331,-0.020225875
8.669524,0.43171248
8.057643,-0.090795144
7.274492,0.025940204
6.7373643,2.02448
9.606229,3.2004542
7.53588,0.29406762
6.516415,1.6110219
6.8398585,1.6206186
7.3495727,-0.018770654
7.2119207,0.6550187
7.407651,1.9177843
7.545014,-0.044237044
6.6042023,3.7402644
7.462497,0.37592694
6.7040353,2.0667703
8.500417,0.43403417
7.2324014,5.0614133
7.6605897,3.2999153
7.2939086,0.35796762
8.988766,3.6654048
5.7456355,4.6539054
8.419396,0.3142163
7.807658,4.686668
6.8284564,1.7874709
7.803541,2.0254276
7.7880635,3.1929975
7.7614117,4.576433
6.6449194,2.1034036
7.1742363,0.7036886
9.078202,3.2887516
7.2654166,0.4645682
6.5589194,1.6345465
7.5318604,1.8090528
7.859174,0.8544294
7.339697,0.32488686
7.957843,4.4845595
6.6668353,1.4862021
2.5961158,3.6665058
5.116185,2.1521246
7.2466874,0.22218919
7.2613015,0.60727644
10.71097,1.1644737
7.521862,1.5653449
6.331132,1.8229733
8.468009,0.47001317
7.5700326,0.18306261
7.6150837,0.14324161
7.4426284,-0.040452834
6.380092,1.7794888
10.016837,2.9112709
6.6426883,3.6868546
5.892793,4.5927773
7.7128267,4.0901446
4.1794176,2.4986095
7.15895,0.50607824
9.15159,3.1415093
11.574672,3.54203
6.7478685,1.8244984
5.33295,2.1103358
7.5550175,3.5919666
6.0601697,2.327962
10.071394,3.8403542
7.9622993,2.0864758
7.3146176,0.56066424
8.615955,0.04178345
6.8460627,2.1671312
7.903753,4.5059247
8.455953,0.39588833
7.4966626,0.035103753
5.4072948,4.2349954
7.219319,0.109097324
7.2812877,0.05154563
7.4892454,-0.052864928
8.542643,0.45476508
7.8986397,-0.046552457
9.617153,2.384693
6.7480316,1.38861
8.119992,-0.13919462
7.858137,4.3831487
6.591828,3.8152816
6.914953,1.2821925
6.726548,1.7613289
9.45248,2.6128027
14.490083,2.4741337
7.870542,0.0008378433
7.8076925,2.0724669
6.3609157,4.8973303
7.5783315,3.5169024
9.206251,3.0018451
6.67216,1.6057483
7.3947053,0.25137427
8.507145,0.34684968
6.4444003,2.1555085
7.5650105,1.2241114
7.3322535,3.489839
6.7983,1.386811
7.047326,2.1596093
7.796996,0.8440243
7.3670945,0.43460396
6.640265,2.191685
8.333822,0.31000626
6.7937627,1.5150434
7.305223,0.6575607
6.389496,1.7759497
10.038998,3.4195802
7.452923,1.5785435
7.89638,2.7972467
7.8764205,2.122714
8.550827,0.4651505
8.5464325,-0.0711306
6.65909,1.5068907
7.8251066,3.0729198
7.447369,0.3438279
9.94659,4.196789
7.7750325,2.149791
6.5164814,1.6914897
11.228095,4.1938324
8.597997,0.4997815
6.688875,2.0201418
7.19503,0.18280874
12.36904,4.365096
6.5383897,3.8137255
7.2300467,0.06260218
7.945633,0.12582177
8.047942,-0.10973185
6.9734645,1.712543
7.64182,0.07083003
8.502752,0.63392824
7.998421,1.9332521
9.034487,3.2460878
8.598021,0.45165226
6.4831104,1.6791757
4.5797644,6.464903
7.8945007,4.565156
7.214494,0.50601685
8.907979,3.6841848
6.6609178,3.698547
7.7023144,0.009819561
7.684941,0.078272045
6.523636,1.724938
7.9771132,2.3765452
9.1757765,3.4680686
7.632458,3.7334087
8.208651,-0.16716498
8.116541,4.1582217
7.736695,0.05930403
7.8489304,4.33036
7.9379616,-0.09247262
6.6889577,2.0478632
6.8658886,1.3883694
8.530374,0.4374358
7.6367726,4.2673593
7.5952353,2.0652523
8.525667,-0.03440818
6.560261,2.231765
8.441324,0.4193127
8.126986,-0.13388416
4.564973,1.7313244
8.511245,-0.029179048
9.070406,3.3113282
8.595111,0.37353697
8.369485,2.6819246
4.7001743,2.5023336
9.094247,3.3373563
8.313048,2.0987034
6.638656,1.5484858
9.54362,2.033386
8.605223,0.6268009
10.092239,4.0503836
6.550881,1.7906284
7.9432855,-0.1133278
8.473915,-0.099486314
4.534889,2.3062005
8.528195,-0.03826825
7.1680665,0.8219008
8.880312,3.6640427
8.319444,0.89130014
7.311647,0.36419308
8.576718,0.46429372
7.501165,2.5643144
7.4114747,-0.046987176
7.468627,0.31828886
6.2918916,4.3225946
7.4919314,3.09379
7.8124995,4.5805187
7.485875,0.3191375
9.010549,3.8869712
7.330305,0.46187493
9.026713,2.9985807
6.794417,1.5988729
7.5132465,0.12516564
7.135706,0.74628407
8.132467,-0.1495896
7.8424544,-0.041934684
5.6098337,4.395333
8.981365,4.078588
9.1111965,3.3101614
6.743943,2.1366343
6.8485003,1.9355725
9.0485735,3.2263522
8.971713,3.7999084
7.6767817,2.0969572
7.9844885,4.070531
8.511374,0.7897931
8.243409,-0.16963102
9.518227,2.8548717
8.336077,0.20295629
6.714857,2.0995116
7.730114,1.9586407
6.750365,1.9431325
7.202293,0.47420344
9.058786,3.0809565
8.349696,-0.09966412
7.0635595,2.1491733
6.5728517,1.9850607
6.800666,1.3512732
7.4256954,1.9502077
7.6511445,-0.04472945
7.2497764,0.57068104
8.417831,-0.11809996
8.517761,0.3569139
6.6215296,1.8997594
9.947147,3.4853077
9.228701,3.5014353
8.49222,0.32984462
6.8172703,1.2760699
6.943477,1.7989268
8.100836,1.9989674
7.741852,3.372914
8.661732,2.730963
4.6036057,6.4571204
7.213752,0.46885702
6.442837,1.7208766
8.535433,0.13503416
8.482321,0.30351868
7.309076,0.3772946
7.558805,0.013553976
9.100006,3.0257475
7.2862716,0.67806566
8.413758,-0.09866591
9.858502,4.2331448
8.449799,0.09245002
7.6172447,3.3860478
7.5820885,0.119131826
8.458371,0.29748434
8.595443,-0.03650446
9.365533,2.8857343
6.4072847,1.7420052
8.831677,2.5751355
7.8780026,4.6184597
7.6839843,3.1610892
7.4922194,0.27370918
7.884079,-0.04670725
9.132039,3.344817
7.2060685,0.12311932
7.2623587,0.72375256
7.3764744,0.29204926
6.746202,1.3904787
8.5657625,-0.0006902958
6.7596083,1.9382788
8.003974,4.453619
7.165996,0.59922135
9.97488,4.276687
7.124102,0.70139545
9.080647,3.18143
8.994749,2.8512924
8.506424,0.312484
7.6173396,0.34142193
7.8556623,2.2471979
9.057093,3.199022
7.4932857,-0.12568654
9.1210165,3.8721197
7.3532243,0.5642808
7.741651,3.120368
7.6632056,3.4223375
7.846668,2.108629
6.7090216,1.7474045
10.28677,1.3841828
7.4548926,0.1055562
11.513102,3.536564
9.078359,3.2358499
8.509801,0.3801092
7.4525623,-0.11549721
6.954811,1.7441431
6.495738,2.0914927
7.700635,4.7550573
7.3498483,0.37402147
7.8865767,4.5767727
6.7041535,2.189141
5.7320285,4.637627
6.7881866,1.3771435
9.627162,2.4090893
11.039678,4.381984
7.249837,0.35994223
9.818262,2.6612484
8.363734,2.6921918
6.6203837,3.6976814
8.548347,0.3042187
8.000659,-0.13158837
9.053275,3.2483008
7.1465163,0.6380907
8.995816,3.6283803
7.5912356,-0.014788149
9.05256,3.2222636
7.17994,0.73287225
6.578662,3.5072536
8.5657425,0.09369487
6.4899445,2.2587504
7.6300354,1.9491204
8.962936,2.9659371
10.001603,2.0394318
6.139946,1.9651788
7.2538147,0.6281979
7.383484,2.0659506
7.846973,1.899401
7.746726,-0.086069226
8.925487,2.7824845
8.010558,2.6993144
7.4691157,0.20307063
11.108874,4.345072
8.819186,3.7864034
7.2257805,0.09283712
8.5769615,-0.022969
10.06106,4.173279
7.374656,1.8431349
8.255308,-0.16802578
7.6360726,3.335797
7.472957,-0.02407674
7.5706863,0.06033695
6.808969,1.7364448
7.3440204,1.9088254
6.679217,1.9890674
12.259922,4.1766634
7.512065,0.08278358
7.5681973,3.6096988
8.5858345,0.3857042
6.7420425,2.0465424
9.918057,4.287134
8.167705,-0.17047979
7.8198686,4.648778
8.480133,2.6657324
7.8539624,4.585928
8.652528,0.69482476
7.465013,-0.078028806
7.914801,4.4847817
5.7629066,4.719231
11.515317,5.479406
7.2437515,0.5022499
7.2821517,0.4139379
7.702959,2.9973671
7.381639,3.2777174
9.474489,3.3351984
8.964084,3.1305883
7.8580084,4.441097
7.7976766,4.6416416
7.564868,3.5966272
8.499713,0.30396852
7.6646333,3.4146233
